ID_FUSIONE,DATA_INIZIO,DATA_FINE,ENE_REQUIRED,ENE_ACTUAL,TON_CARICATE
1588,2023-18-05 11:37:09,2023-18-05 19:11:18,5057.088,5163.230932911931
1591,2023-19-05 04:53:08,2023-19-05 13:03:58,5554.777599999999,5709.480093454436
1595,2023-20-05 06:22:22,2023-20-05 13:36:35,5675.472,5181.040326879778
1597,2023-20-05 20:08:53,2023-21-05 03:01:50,5634.7552000000005,5022.70852173207
1598,2023-21-05 03:09:06,2023-22-05 13:37:38,5714.3712000000005,5661.469923424651
1607,2023-28-05 07:50:06,2023-28-05 11:19:33,3226.992,2587.473208775415
1608,2023-28-05 11:25:07,2023-28-05 16:45:15,5268.307199999999,3986.3640573941893
1609,2023-28-05 16:50:01,2023-28-05 23:42:37,5567.1359999999995,5095.099853450725
1610,2023-29-05 00:00:49,2023-29-05 08:14:50,5612.5792,4799.171287181934
1612,2023-29-05 21:50:09,2023-30-05 04:03:07,4085.5904,4490.760092662936
1613,2023-30-05 04:04:36,2023-30-05 07:24:21,2457.39552,2442.2934102214936
1614,2023-30-05 07:27:39,2023-30-05 14:09:41,5153.7919999999995,4779.296868075142
1615,2023-30-05 16:10:26,2023-30-05 23:52:27,4821.1071999999995,5502.173811913308
1616,2023-30-05 23:54:25,2023-31-05 06:39:20,5456.6208,4970.259013203009
1622,2023-03-06 17:21:45,2023-04-06 01:17:55,4774.8832,5155.0925701411725
1623,2023-04-06 01:40:06,2023-04-06 10:15:47,5628.2112,5891.684903044336
1624,2023-04-06 10:20:01,2023-04-06 18:21:31,5328.2912,5401.294455572565
1625,2023-04-06 18:23:33,2023-05-06 02:14:40,5378.460799999999,5178.309923253111
1626,2023-05-06 02:18:24,2023-05-06 10:36:20,5411.542399999999,5243.775121502348
1627,2023-05-06 14:11:15,2023-05-06 23:58:23,5833.9776,6171.204843572226
1628,2023-06-06 00:01:16,2023-06-06 07:51:14,4691.2544,5008.659368610477
1629,2023-06-06 07:52:44,2023-06-06 14:08:23,3539.8271999999997,3905.632171878784,16.739
1630,2023-06-06 14:10:40,2023-07-06 00:00:51,5356.6464,6272.591046301479,11.583
1631,2023-07-06 00:02:33,2023-07-06 05:28:55,3706.5856000000003,3503.198537442937,10.404
1632,2023-07-06 05:31:00,2023-07-06 11:07:43,3329.4367999999995,3516.441542845118,10.40449
1633,2023-07-06 11:08:28,2023-07-06 15:32:57,2839.5344,2783.2150181181314,8.873545
1634,2023-07-06 15:36:35,2023-07-06 23:13:54,5187.6,4809.175858654417,16.21125
1635,2023-07-06 23:25:41,2023-08-06 03:43:59,3722.4224,2789.837206738567,11.63257
1636,2023-08-06 04:03:38,2023-08-06 10:52:25,5083.625599999999,4287.118075264121,15.88633
1637,2023-08-06 15:03:45,2023-08-06 22:07:09,5180.6912,3905.867492116869,16.18966
1638,2023-09-06 01:07:48,2023-09-06 10:00:49,5440.9888,5751.924420424844,17.00309
1649,2023-12-06 06:41:51,2023-12-06 13:47:13,5219.590399999999,4635.114929221019,16.31122
1650,2023-12-06 13:50:36,2023-12-06 20:45:07,5039.5328,4534.144881758103,15.74854
1651,2023-12-06 20:49:06,2023-13-06 02:35:21,5008.1248,3825.3040735643176,15.65039
1652,2023-13-06 02:37:47,2023-13-06 09:15:18,5858.6976,4410.109498242728,18.30843
1653,2023-13-06 09:21:13,2023-13-06 16:05:51,5696.921600000001,4438.450337444274,17.802880000000002
1654,2023-13-06 16:09:49,2023-13-06 22:51:10,5695.4688,4378.892143491504,17.79834
1655,2023-13-06 23:25:37,2023-14-06 06:41:12,5831.068800000001,4818.659014251385,18.22209
1656,2023-14-06 06:46:53,2023-14-06 14:05:15,5259.216,4694.230626255636,16.43505
1657,2023-14-06 14:15:05,2023-14-06 20:35:00,5003.8912,3985.027474907702,15.63716
1658,2023-14-06 20:37:22,2023-15-06 02:02:36,4023.1104,3610.0359283783573,12.57222
1659,2023-15-06 02:06:16,2023-15-06 08:35:42,4344.5536,4313.621050527,13.57673
1660,2023-15-06 08:40:38,2023-15-06 15:00:16,4461.5936,4108.635467071787,13.94248
1661,2023-15-06 15:03:56,2023-15-06 22:45:45,5286.1216,5149.159239242118,16.51913
1662,2023-15-06 22:48:35,2023-16-06 06:15:00,6091.3632,5064.7212708933,19.03551
1664,2023-16-06 14:13:47,2023-16-06 22:02:04,4911.7952000000005,5131.563324504028,15.34936
1665,2023-16-06 22:04:48,2023-17-06 06:04:10,5141.7952000000005,5359.285392146591,16.06811
1666,2023-17-06 06:31:13,2023-17-06 14:18:19,5503.1552,5186.310743610131,17.19736
1667,2023-17-06 14:31:46,2023-18-06 02:02:45,5293.7536,6330.0039319273665,16.54298
1668,2023-18-06 02:05:08,2023-18-06 10:16:05,5476.2528,4932.933715421292,17.11329
1669,2023-18-06 10:16:51,2023-18-06 12:03:10,1701.88864,1104.5903373637743,5.318402
1670,2023-18-06 12:16:30,2023-18-06 20:16:38,5282.483199999999,4683.520402149893,16.507759999999998
1671,2023-18-06 20:19:33,2023-19-06 04:20:45,5712.9184,5175.1514293302525,17.85287
1673,2023-19-06 14:11:44,2023-20-06 02:11:26,6109.5424,6781.5823879547725,19.09232
1674,2023-20-06 02:13:58,2023-20-06 06:12:33,2028.7705600000002,2337.083628835585,6.339908
1676,2023-20-06 06:18:30,2023-20-06 15:37:24,4424.1824,5295.69000985706,13.825569999999999
1677,2023-20-06 15:40:11,2023-21-06 02:51:11,5253.401600000001,6373.65934223461,16.416880000000003
1678,2023-21-06 02:55:10,2023-21-06 14:24:14,5277.3952,6543.775136344858,16.49186
1679,2023-21-06 14:25:03,2023-21-06 20:17:07,2429.6694399999997,3347.1167838772635,7.5927169999999995
1680,2023-21-06 20:19:34,2023-22-06 06:18:31,5279.5776000000005,5888.132122123427,16.49868
1681,2023-22-06 06:23:09,2023-22-06 14:39:03,3668.7744,4665.006251975893,11.46492
1682,2023-22-06 14:41:20,2023-23-06 00:46:26,3699.152,5066.016750387455,11.55985
1683,2023-23-06 00:49:48,2023-23-06 01:45:15,5480.6143999999995,189.9106332715013,17.12692
1684,2023-23-06 03:57:58,2023-23-06 04:30:48,8404.2176,313.617710421397,26.263180000000002
1685,2023-23-06 04:51:55,2023-14-07 23:13:43,8412.214399999999,0.0,26.288169999999997
1686,2023-16-07 12:15:50,2023-16-07 20:11:38,5321.0208,5094.729335049548,16.62819
1687,2023-16-07 20:57:40,2023-17-07 03:25:34,5188.3264,4956.87155653064,16.21352
1688,2023-17-07 03:26:24,2023-17-07 06:41:37,2483.88992,2447.2119341384073,7.762156
1689,2023-17-07 06:51:39,2023-17-07 10:05:41,2587.0944000000004,2333.4936162421177,8.084670000000001
1690,2023-17-07 10:42:19,2023-17-07 16:20:49,4669.728,4165.089068136835,14.5929
1691,2023-17-07 16:31:07,2023-18-07 00:38:18,5362.825600000001,6009.504755442596,16.758830000000003
1698,2023-18-07 13:53:27,2023-21-07 10:27:49,8413.6672,0.0,26.29271
1699,2023-21-08 16:29:06,2023-21-08 18:54:52,2280.25376,2484.6134130555533,7.125793
1700,2023-21-08 19:19:13,2023-21-08 21:43:33,4808.403200000001,2787.335234722222,15.02626
1701,2023-22-08 06:26:46,2023-22-08 08:13:35,5278.1216,1994.8010002777787,16.494130000000002
1702,2023-22-08 10:39:13,2023-22-08 14:26:23,5113.0752,4550.532226666666,15.97836
1703,2023-22-08 14:30:08,2023-22-08 17:16:27,5207.5936,3416.08023972222,16.27373
1704,2023-22-08 17:20:08,2023-22-08 20:16:24,5005.6576000000005,3679.2464361111083,15.64268
1705,2023-22-08 21:25:20,2023-23-08 00:40:39,5204.6848,4039.588468611103,16.26464
1706,2023-23-08 02:36:04,2023-23-08 06:03:03,5991.0271999999995,4423.945796666673,18.72196
1707,2023-23-08 08:08:11,2023-23-08 11:28:37,5460.255999999999,4325.736474444442,17.063299999999998
1708,2023-23-08 11:34:39,2023-23-08 15:04:27,5807.0752,4528.117856944442,18.14711
1709,2023-23-08 15:08:03,2023-23-08 18:12:47,5150.1536,4042.7844333333387,16.09423
1710,2023-23-08 19:13:39,2023-23-08 22:56:08,5681.654399999999,4712.89439,17.75517
1711,2023-24-08 00:01:45,2023-24-08 03:09:30,4667.9648,4022.5808474999985,14.58739
1712,2023-24-08 04:36:50,2023-24-08 07:45:08,5739.091200000001,4039.0704163888868,17.93466
1713,2023-24-08 18:34:13,2023-24-08 21:52:11,5488.6112,4219.9010422222245,17.15191
1714,2023-24-08 22:10:21,2023-25-08 00:08:25,3921.2064000000005,2484.148515277773,12.253770000000001
1715,2023-25-08 02:22:53,2023-25-08 05:55:16,5965.5776000000005,4483.97830416666,18.64243
1716,2023-25-08 12:23:58,2023-25-08 19:07:21,5686.742399999999,5140.846518333345,17.771069999999998
1718,2023-25-08 19:19:36,2023-25-08 23:57:44,5797.260799999999,5129.288289166666,18.116439999999997
1719,2023-26-08 00:56:37,2023-26-08 05:22:18,5562.412800000001,4882.285789722225,17.382540000000002
1720,2023-26-08 07:00:49,2023-26-08 10:09:30,3758.6176,3445.2355722222237,11.74568
1721,2023-26-08 13:06:13,2023-26-08 17:56:21,5451.8944,5383.575126388908,17.03717
1722,2023-26-08 18:15:35,2023-26-08 22:32:20,4434.8224,4728.213086388893,13.85882
1723,2023-27-08 00:34:59,2023-27-08 02:26:06,2268.54752,1990.2276841666637,7.089211000000001
1724,2023-27-08 04:02:34,2023-27-08 06:05:55,2201.38944,2125.2586366666665,6.879341999999999
1725,2023-27-08 06:28:04,2023-27-08 08:35:45,2609.08128,2306.2791297222207,8.153379
1726,2023-27-08 11:07:01,2023-27-08 12:59:59,2182.2432,1977.7361091666683,6.81951
1727,2023-27-08 22:50:01,2023-28-08 00:21:46,1775.53888,1523.4979752777774,5.548559
1728,2023-28-08 09:12:51,2023-28-08 09:20:59,4239.1808,81.774625,13.247440000000001
1729,2023-28-08 16:55:38,2023-28-08 20:23:13,3472.3020692445175,3835.9818786111086,13.34612
1730,2023-29-08 01:37:09,2023-29-08 05:45:23,4075.4612480377536,4482.103991666661,15.55115
1731,2023-29-08 08:46:01,2023-29-08 12:32:15,4155.176667068448,4170.493999722224,15.74412
1732,2023-29-08 17:12:57,2023-29-08 18:55:48,4502.868117882511,1873.4790663888894,17.063299999999998
1734,2023-30-08 01:33:01,2023-30-08 05:13:26,4277.647732468304,4084.844232499997,16.73611
1735,2023-30-08 15:21:14,2023-30-08 20:03:44,4104.87026779378,4991.889586388896,16.001079999999998
1736,2023-30-08 22:24:27,2023-31-08 02:59:07,4083.1244461916854,5070.507210833334,15.71435
1737,2023-31-08 04:02:04,2023-31-08 08:12:57,4189.383264734956,4613.740739722219,15.759559999999999
1738,2023-31-08 08:17:00,2023-31-08 12:29:11,4266.708870648371,4299.300391388895,15.894290000000002
1739,2023-31-08 12:33:45,2023-31-08 17:18:23,4521.033077723386,4933.1771702777605,16.90084
1740,2023-31-08 18:17:00,2023-31-08 22:42:18,4097.66122051346,4665.824430277786,15.29312
1741,2023-31-08 23:28:40,2023-01-09 03:46:46,4826.243167206313,4520.290725277776,17.931259999999998
1742,2023-01-09 05:11:09,2023-01-09 10:10:52,4354.761385673415,4806.502511666665,16.30441
1743,2023-01-09 10:28:59,2023-01-09 15:27:53,3927.347049131582,4364.641851944442,14.76272
1744,2023-01-09 19:01:46,2023-01-09 22:56:07,4032.191960851351,4164.631214444438,15.28761
1745,2023-02-09 07:16:51,2023-02-09 11:47:22,4185.59384847075,4768.523210555553,15.894290000000002
1747,2023-02-09 22:30:48,2023-03-09 02:23:44,5157.529566999914,4863.672186111112,19.61832
1748,2023-03-09 15:03:47,2023-03-09 17:16:00,4241.220454628488,2617.025113888888,16.24079
1749,2023-04-09 08:01:37,2023-04-09 08:08:34,4598.0970923433115,92.52825638888893,18.05281
1751,2023-04-09 23:33:57,2023-05-09 04:05:09,4092.0652658765284,3806.4875466666667,16.963330000000003
1752,2023-05-09 12:04:51,2023-05-09 15:27:15,4310.668633595616,4233.582553055552,17.09625
1753,2023-05-09 15:42:53,2023-05-09 18:08:27,2664.850418550591,2703.970452777777,10.652940000000001
1754,2023-05-09 18:13:06,2023-05-09 22:25:41,4589.887839552738,658.0004650000008,18.47543
1755,2023-06-09 21:03:48,2023-07-09 01:45:27,4744.215635889748,4744.9977927777845,20.02048
1756,2023-07-09 02:01:57,2023-07-09 05:34:30,3693.6176588581675,3488.371614722219,15.179540000000001
1757,2023-07-09 06:05:12,2023-07-09 09:41:48,3653.629974719704,3605.1793738888837,15.05935
1758,2023-07-09 10:25:01,2023-07-09 10:31:55,4030.3885602677847,70.64007500000001,16.86449
1759,2023-07-09 15:32:40,2023-07-09 19:13:53,3866.752678665836,4378.930564722221,17.33482
1760,2023-07-09 19:29:08,2023-07-09 23:00:45,3922.8648525790286,4338.095481666661,17.746080000000003
1761,2023-07-09 23:51:57,2023-08-09 03:34:11,4111.716218603698,4628.4427874999965,18.7106
1762,2023-08-09 03:42:43,2023-08-09 07:13:22,3495.4989966243797,4401.1177019444485,16.06924
1763,2023-08-09 07:32:36,2023-08-09 10:43:51,3075.742519490386,3991.757904722218,14.24173
1776,2023-12-09 09:27:25,2023-12-09 13:10:13,3548.3967101543703,4617.758016666665,16.323719999999998
1777,2023-12-09 14:18:04,2023-12-09 17:17:44,3106.6386896678255,3676.470444722224,14.33076
1778,2023-12-09 18:29:53,2023-12-09 22:07:26,3272.5624273868193,4594.927170000003,15.23357
1780,2023-12-09 23:44:00,2023-13-09 02:44:16,2856.8896699070865,3719.677482222223,13.20883
1781,2023-13-09 03:39:29,2023-13-09 06:32:18,2672.3222784687437,3605.8094825000003,12.408290000000001
1782,2023-13-09 07:44:28,2023-13-09 10:09:27,2734.003002695374,3140.6722194444437,12.570129999999999
1783,2023-13-09 11:48:57,2023-13-09 15:25:19,3467.994964317393,4650.6423461111,15.62613
1784,2023-13-09 16:45:00,2023-13-09 19:20:04,2955.3175195983968,3469.663476666663,12.49287
1785,2023-13-09 19:35:55,2023-13-09 22:29:24,3540.612163028406,3839.399419166667,14.80021
1786,2023-13-09 22:49:26,2023-14-09 01:51:39,3509.9298628940505,3942.99743722222,14.635909999999999
1787,2023-14-09 02:00:31,2023-14-09 05:28:00,3702.269931198792,4603.016439444441,15.38795
1788,2023-14-09 05:35:40,2023-14-09 08:19:23,3099.0540581953123,3596.113937222226,12.212
1789,2023-14-09 08:44:15,2023-14-09 10:49:11,2201.152988356173,2680.3773049999995,8.57666
1790,2023-14-09 10:53:56,2023-14-09 12:32:24,2117.1091035938234,2190.340207499998,8.118367000000001
1791,2023-14-09 15:30:08,2023-14-09 18:50:46,4245.957140531719,4807.174367222227,16.18739
1792,2023-14-09 19:04:35,2023-14-09 21:49:53,3832.1125940326747,3982.042798333333,13.83737
1793,2023-14-09 23:25:38,2023-15-09 01:59:04,3408.9851179755287,3783.1542569444455,12.23184
1794,2023-15-09 02:27:50,2023-15-09 05:06:13,4025.28459466788,3876.9857413888876,14.27713
1795,2023-15-09 05:14:37,2023-15-09 08:01:10,4204.706249327287,4116.831557222222,14.84983
1796,2023-15-09 09:20:28,2023-15-09 12:09:49,4034.603364804486,4173.95683805555,14.24066
1797,2023-15-09 14:18:27,2023-15-09 17:44:37,5444.6136179214745,5110.550362500014,19.17411
1798,2023-15-09 18:18:11,2023-15-09 20:54:49,3938.5470379630838,3834.502682500001,13.9103
1799,2023-15-09 22:37:44,2023-16-09 01:11:30,4433.6636797898955,3763.081464722223,15.606290000000001
1800,2023-16-09 01:17:30,2023-16-09 03:44:50,3633.4456544540285,3649.3136649999988,12.92722
1801,2023-16-09 04:33:44,2023-16-09 07:02:44,4482.317739699631,3231.6418361111164,15.945409999999999
1802,2023-16-09 15:10:42,2023-16-09 15:11:10,5218.231498930742,0,18.85829
1803,2023-17-09 07:14:52,2023-17-09 09:35:02,3927.3361449258155,2957.2616630555526,14.86417
1804,2023-17-09 23:08:44,2023-17-09 23:13:05,6238.1105307080725,64.1157325,24.05921
1805,2023-18-09 12:31:48,2023-18-09 15:26:45,3888.271677168419,4307.380718055557,15.83635
1806,2023-18-09 16:45:55,2023-18-09 19:35:34,3801.698220156212,4221.942057499998,15.44419
1807,2023-18-09 21:07:24,2023-19-09 00:09:52,3777.04764815969,4530.042055000003,15.33171
1808,2023-19-09 01:23:48,2023-19-09 04:04:48,3324.2570809391677,3933.4703274999956,13.50379
1809,2023-19-09 04:09:00,2023-19-09 07:11:39,4125.122697318317,4599.827042499998,16.767919999999997
1810,2023-19-09 08:18:56,2023-19-09 11:22:29,3680.606106303615,4485.809027777779,15.07809
1813,2023-19-09 12:08:28,2023-19-09 14:58:28,3586.1746121568194,4082.3139827777773,14.60834
1814,2023-19-09 15:12:11,2023-19-09 17:57:36,3407.878421770927,4079.2171308333377,13.93176
1815,2023-19-09 18:40:24,2023-19-09 21:33:24,3387.2158600124503,4298.19668138889,13.83308
1816,2023-19-09 21:37:38,2023-20-09 00:47:17,3455.9866814632305,4202.700316388893,14.10981
1817,2023-20-09 01:52:24,2023-20-09 05:06:20,3586.7185913315575,4194.0627263888855,14.56534
1818,2023-20-09 05:13:32,2023-20-09 08:12:09,3208.2934846912804,3837.552474722222,13.0003
1819,2023-20-09 09:30:52,2023-20-09 12:30:11,3644.2299889347873,4012.8849905555526,14.76051
1820,2023-20-09 12:33:54,2023-20-09 15:54:26,3976.6817479370466,4451.008435000001,16.08969
1821,2023-20-09 16:19:57,2023-20-09 19:15:20,3412.7263827709976,3893.424407222224,13.80519
1822,2023-20-09 19:18:53,2023-20-09 22:37:14,3973.8444131954807,4452.67204861112,15.94314
1823,2023-20-09 22:39:59,2023-21-09 01:51:38,3778.2084147632804,4194.664278611111,15.16741
1824,2023-21-09 03:45:09,2023-21-09 06:18:12,3206.4349011286813,3290.360709722224,12.68394
1825,2023-21-09 06:21:38,2023-21-09 08:45:19,3137.96966076491,3144.1452444444435,11.80729
1826,2023-21-09 10:23:12,2023-21-09 12:00:01,4411.58353204464,1708.5295577777777,16.39188
1827,2023-21-09 15:14:32,2023-21-09 18:18:43,4551.894554624444,3952.043736111109,16.6
1828,2023-21-09 18:22:41,2023-21-09 21:41:17,4831.138788497973,4221.072493888883,17.728
1830,2023-21-09 23:02:34,2023-22-09 02:24:18,4112.566276329503,4340.485284722208,15.189459999999999
1831,2023-22-09 04:15:13,2023-22-09 06:30:57,2600.7667805313354,2489.405376666667,9.623
1834,2023-22-09 15:34:41,2023-22-09 18:20:25,4920.136206474115,3525.331785555556,18.31525
1836,2023-23-09 16:59:35,2023-23-09 18:17:43,3105.377903599163,1736.1083158333322,11.738610000000001
1837,2023-23-09 23:14:36,2023-24-09 02:16:47,2270.38507032691,2602.5693105555524,8.832
1838,2023-24-09 15:51:40,2023-24-09 15:57:10,4747.313854613889,59.55676805555555,18.412950000000002
1839,2023-25-09 14:38:57,2023-27-09 16:09:28,1278.7856614426305,2827.8914300000015,5.255
1840,2023-28-09 00:40:06,2023-28-09 03:02:37,3284.068878317131,3103.5526552777783,12.893
1841,2023-28-09 03:36:38,2023-28-09 05:42:06,2664.932515515581,2794.639699722218,10.581
1842,2023-28-09 06:32:23,2023-28-09 09:32:10,3693.8539859625084,4069.5385113888833,14.736
1843,2023-28-09 09:50:27,2023-28-09 13:12:31,4104.4022510785335,4454.356888055559,16.43619
1844,2023-28-09 14:25:39,2023-28-09 17:25:01,3924.3840598498355,3987.5085738888824,15.718
1845,2023-28-09 17:31:43,2023-28-09 20:10:33,3950.4439252103107,3545.5299952777827,15.89542
1846,2023-28-09 20:58:31,2023-29-09 00:22:34,4597.991790434017,4617.8134988888905,18.7231
1847,2023-29-09 01:53:35,2023-29-09 06:11:58,4142.206274083844,4649.526818611111,16.98
1848,2023-29-09 07:32:42,2023-29-09 10:17:04,4149.391245447427,3017.333297777776,17.018990000000002
1849,2023-29-09 23:17:25,2023-29-09 23:19:15,4147.321497990243,0.0,17.30188
1850,2023-30-09 15:28:06,2023-30-09 15:30:41,3123.1598006934755,26.757741388888892,13.79554
1851,2023-30-09 22:41:35,2023-30-09 22:50:02,4372.456146762708,49.28692777777778,19.76032
1852,2023-02-10 22:22:26,2023-03-10 01:40:05,3186.2824192122416,3620.4399666666613,15.20931
1853,2023-03-10 09:06:03,2023-03-10 13:24:58,3235.192348201946,4448.500858888887,15.443
1854,2023-03-10 14:41:29,2023-03-10 19:23:12,3909.601470119828,5183.182349166664,18.652
1855,2023-03-10 20:21:50,2023-04-10 00:40:43,3173.8824972558,4790.6165044444315,15.073
1856,2023-04-10 01:14:21,2023-04-10 05:59:24,3638.5782543991268,4722.277823611117,16.78042
1857,2023-04-10 07:19:13,2023-04-10 11:06:42,3310.640324015675,4181.600292499998,14.812
1858,2023-04-10 12:22:27,2023-04-10 16:22:03,3718.2930768353103,4389.831686388897,16.682
1859,2023-04-10 18:43:00,2023-04-10 23:01:00,4130.402181123894,4720.31243722223,17.51
1860,2023-05-10 00:53:49,2023-05-10 05:17:00,3398.9727469514196,4824.518397222213,15.279
1861,2023-05-10 06:48:33,2023-05-10 06:58:22,3281.144859936876,23.680915833333337,14.50469
1862,2023-05-10 11:44:15,2023-05-10 15:43:20,3251.941805112986,4622.156070000002,15.261
1863,2023-05-10 15:48:11,2023-05-10 17:57:03,3707.9877744443,2111.3192088888877,17.29279
1864,2023-05-10 20:50:54,2023-06-10 00:33:29,3927.6161548655814,4569.400746111109,18.976
1865,2023-06-10 01:42:02,2023-06-10 04:41:27,3156.902607735066,3661.7199199999955,15.3
1866,2023-06-10 04:44:08,2023-06-10 08:41:45,3264.640357636754,4260.972356944442,15.76
1867,2023-06-10 08:45:58,2023-06-10 11:52:45,2523.941732406256,3468.185037222219,12.1149
1868,2023-06-10 13:25:19,2023-06-10 16:37:37,2880.0434931434934,3935.276801666657,13.783
1869,2023-06-10 17:53:43,2023-06-10 21:14:56,3077.673360824518,4162.334476111116,14.357
1870,2023-06-10 22:32:50,2023-07-10 01:54:35,3541.4212118104324,4174.82995638889,15.47396
1871,2023-07-10 02:51:21,2023-07-10 05:25:33,2950.8447002751577,3071.7013177777776,12.18068
1872,2023-07-10 14:45:36,2023-07-10 14:45:42,3855.604741053662,0,15.13543
1873,2023-07-10 20:17:41,2023-07-10 20:28:10,5393.36332695897,100.30392444444445,22.20969
1875,2023-08-10 10:40:07,2023-11-10 10:53:32,4621.548065981565,5715.622794722265,20.21134
1879,2023-24-10 18:57:16,2023-24-10 19:01:17,3567.580897657261,69.14510388888888,15.58533
1880,2023-24-10 22:46:09,2023-24-10 22:49:22,3312.07907192114,20.707196666666665,15.532399999999999
1881,2023-25-10 02:43:43,2023-25-10 06:41:34,3369.4225379997797,4357.5326594444505,16.912
1882,2023-25-10 07:32:57,2023-25-10 10:41:31,3122.856403025625,3863.9908055555593,15.772
1883,2023-25-10 11:51:39,2023-25-10 14:36:07,2251.8824133590083,3556.5218991666693,11.42553
1884,2023-25-10 15:54:25,2023-25-10 18:28:20,2585.204310586164,3328.1042447222235,12.97942
1885,2023-25-10 21:28:17,2023-26-10 00:11:51,2308.9970446334173,3742.4309875000004,11.768
1886,2023-26-10 00:14:16,2023-26-10 01:39:19,1428.6517899127398,1882.707609722222,6.738
1887,2023-26-10 02:28:07,2023-26-10 04:46:59,2553.4684624343427,2893.5103402777795,12.11
1888,2023-26-10 06:37:04,2023-26-10 08:27:31,3002.71750101448,127.0999547222222,13.85667
1889,2023-26-10 23:22:23,2023-26-10 23:23:38,3207.6733643656776,0.0,15.63826
1890,2023-27-10 15:01:24,2023-27-10 15:01:38,3371.7106171652063,1.1815277777777777,17.45638
1891,2023-28-10 07:49:54,2023-28-10 09:52:49,3124.223933594524,2248.324798055555,17.392
1894,2023-28-10 10:50:03,2023-28-10 23:05:32,2957.966780490303,297.79410111111116,17.21894
1895,2023-29-10 01:55:56,2023-29-10 02:07:01,2379.2544052633507,51.935871666666685,15.02296
1896,2023-29-10 06:47:03,2023-29-10 06:59:44,2620.011218621681,64.78838666666667,18.18801
1897,2023-30-10 08:33:04,2023-30-10 09:00:53,1555.6429445948838,100.23490833333332,11.89877
1898,2023-02-11 14:23:14,2023-02-11 14:24:18,1864.014862174423,0.0,15.72317
1899,2023-02-11 18:53:04,2023-02-11 22:58:04,1941.8834396891364,4459.264228333335,16.38
1900,2023-02-11 23:03:26,2023-03-11 04:03:32,2241.630171552505,5532.614779722228,16.99
1901,2023-03-11 04:27:49,2023-03-11 09:04:28,1744.2537410261823,5099.519849722224,13.009
1902,2023-03-11 10:16:46,2023-03-11 14:02:32,2347.538774122139,4384.826759722225,15.29753
1903,2023-03-11 14:05:59,2023-03-11 17:51:55,2817.9281635082793,4523.211333055547,16.801
1904,2023-03-11 17:55:10,2023-03-11 21:57:14,2854.5788428789233,4811.960178611117,16.96105
1905,2023-03-11 23:32:25,2023-04-11 03:09:02,2604.8087345259905,4264.59765444444,15.301
1908,2023-04-11 04:38:17,2023-04-11 06:36:48,1672.9016420750052,2282.0330266666697,9.921748
1909,2023-04-11 10:51:47,2023-04-11 14:48:32,2664.641516794162,3869.9398005555568,15.928370000000001
1910,2023-05-11 07:21:36,2023-05-11 07:21:45,3282.8039291706295,0,20.073880000000003
1911,2023-06-11 14:37:11,2023-06-11 14:46:49,1264.4523533429733,110.2251208333333,8.454184
1912,2023-07-11 22:03:48,2023-08-11 02:32:36,2170.8451349163743,4939.731997500002,15.7
1914,2023-08-11 06:41:36,2023-08-11 06:42:45,1742.685318536391,12.22886361111111,11.34979
1915,2023-08-11 14:12:19,2023-08-11 18:24:17,2374.9209923414815,4840.102199444455,15.462
1916,2023-08-11 18:28:07,2023-08-11 22:32:14,2673.2325237270925,4583.357754722224,15.795
1917,2023-08-11 22:34:31,2023-09-11 04:56:56,2974.610016023518,4712.322142777791,16.77815
1918,2023-09-11 07:28:43,2023-09-11 14:56:35,2741.6108969720913,5068.258000833324,14.394
1919,2023-09-11 15:00:35,2023-09-11 18:55:30,3558.8243548235873,4529.300398611108,17.11783
1920,2023-09-11 19:06:54,2023-10-11 01:22:13,3639.5423102097816,4930.319075000009,16.472
1921,2023-10-11 01:52:19,2023-10-11 05:59:29,3545.184355349475,3548.258526666666,15.054
1922,2023-10-11 12:16:59,2023-10-11 17:23:45,3895.4356880885603,4676.894348055548,15.75295
1923,2023-10-11 17:30:33,2023-10-11 22:21:38,3575.144258176806,4516.808757499997,14.386
1924,2023-10-11 23:54:50,2023-11-11 02:50:43,3017.3940294159875,2937.7417461111104,12.17024
1925,2023-11-11 04:17:17,2023-11-11 08:02:42,3746.473347311813,3789.138957499992,15.58423
1926,2023-11-11 08:43:17,2023-11-11 13:32:24,4179.957032159802,4861.8100902777815,17.54613
1927,2023-11-11 13:57:45,2023-11-11 18:37:30,4222.098453330246,4691.109235277774,17.69382
1928,2023-11-11 18:55:53,2023-11-11 23:25:21,3728.606031203829,4542.070208888893,15.68678
1929,2023-12-11 01:56:52,2023-12-11 06:11:39,3477.2941435535736,4298.237173888895,14.59621
1930,2023-12-11 09:15:31,2023-12-11 11:54:56,3557.3640466256197,2671.8073752777796,14.73295
1931,2023-12-11 23:42:22,2023-12-11 23:45:57,4087.5187181094225,59.29070777777778,17.14737
1932,2023-13-11 12:32:13,2023-13-11 16:39:07,4681.280182713201,4535.221854166668,19.624
1933,2023-13-11 17:37:43,2023-13-11 17:40:58,4243.724408842495,43.37350583333334,17.01218
1934,2023-13-11 23:48:09,2023-14-11 03:57:21,3860.8393337560983,4551.474120555562,16.51004
1935,2023-14-11 04:02:13,2023-14-11 07:57:17,3921.012503256605,4231.214074999997,15.83748
1936,2023-14-11 08:26:50,2023-14-11 13:06:24,4268.127604714001,4987.669751388889,17.40071
1937,2023-14-11 13:31:26,2023-14-11 18:00:57,3716.2968084036174,4897.988818611112,15.1619
1938,2023-14-11 18:41:41,2023-14-11 22:33:44,3962.196408113027,4253.940250555553,16.02721
1939,2023-15-11 02:48:53,2023-15-11 04:51:53,4505.293514487695,2237.2156752777764,18.54928
1940,2023-15-11 08:06:19,2023-15-11 12:09:20,4124.882915236636,4881.69479833334,17.50182
1941,2023-15-11 12:19:53,2023-15-11 16:20:19,3660.9864469860977,4815.591923333339,15.601
1942,2023-15-11 17:13:41,2023-15-11 21:32:08,4635.408150777344,5171.157818333339,19.451
1943,2023-15-11 22:37:59,2023-16-11 02:10:55,3768.041003971572,4282.153442222218,15.915
1944,2023-16-11 03:29:32,2023-16-11 07:07:20,3929.532090910104,4373.309916666663,16.756
1945,2023-16-11 15:18:24,2023-16-11 18:58:44,3779.7034293986003,4347.19336027778,16.05
1946,2023-16-11 19:39:02,2023-16-11 23:59:39,4486.549515347736,5278.81310944445,18.940080000000002
1947,2023-17-11 00:46:50,2023-17-11 02:38:40,3958.8294169460382,2210.9530975000007,16.70657
1948,2023-17-11 04:38:17,2023-18-11 06:20:32,2849.49977415865,320.6444130555555,12.37175
1949,2023-18-11 09:37:55,2023-18-11 13:55:36,3985.6360184615983,4865.019585000002,18.35501
1950,2023-18-11 14:31:02,2023-18-11 17:23:40,3465.1689048440267,3466.4664902777813,16.066969999999998
1951,2023-18-11 17:27:48,2023-18-11 22:07:20,4605.901272940135,5558.630932222222,21.18723
1952,2023-18-11 22:15:44,2023-19-11 02:11:28,4305.526702107803,4679.710778888893,18.69242
1953,2023-19-11 03:35:23,2023-19-11 07:09:51,3974.5568217472073,4314.3947927777845,17.18372
1954,2023-19-11 16:04:43,2023-19-11 19:49:22,4218.544214434325,2973.584971944444,17.30869
1955,2023-19-11 22:30:12,2023-20-11 00:53:58,4400.982784686825,2345.7658161111126,18.45044
1956,2023-20-11 11:46:35,2023-20-11 16:10:34,3883.043743960449,4703.785014166669,16.771330000000003
1957,2023-20-11 16:13:47,2023-20-11 20:44:21,3913.331891481703,4898.725805277769,16.9247
1958,2023-20-11 20:48:34,2023-21-11 01:40:56,4157.664737013147,5430.958653888885,18.11303
1959,2023-21-11 05:32:44,2023-21-11 10:14:18,3667.58204166071,5210.697049166658,15.85907
1960,2023-21-11 10:50:49,2023-21-11 14:58:38,3761.799044720322,4792.17302305555,15.56659
1961,2023-21-11 15:02:44,2023-21-11 19:12:18,4139.332625513656,4921.56444083333,17.02695
1962,2023-21-11 19:17:54,2023-21-11 23:35:11,4341.578357394619,4915.783649999998,17.931259999999998
1963,2023-21-11 23:38:33,2023-22-11 03:34:26,3789.898162912756,4551.538487222223,15.626
1964,2023-22-11 03:38:09,2023-22-11 08:07:33,4342.308047997595,5299.639002222218,17.822
1965,2023-22-11 10:14:28,2023-22-11 13:38:19,3481.4587376458157,4051.7391722222224,14.183
1966,2023-22-11 15:18:51,2023-22-11 18:33:12,3587.0065169151403,3902.189263055555,14.569
1967,2023-22-11 19:25:15,2023-22-11 22:26:46,3122.643797367477,3661.7735413888995,12.711
1968,2023-22-11 22:34:16,2023-23-11 01:55:32,4286.713464765183,4279.88490388888,16.91334
1969,2023-23-11 03:32:17,2023-23-11 07:05:11,4710.672062876334,4610.565380555555,17.789
1970,2023-23-11 07:40:36,2023-23-11 11:19:21,4718.147138856168,4696.279074166674,17.837
1971,2023-23-11 11:29:14,2023-23-11 15:14:25,4845.735234835333,4830.016992222218,18.156200000000002
1972,2023-23-11 16:32:15,2023-23-11 19:29:46,4068.6189654509812,3666.894079722223,15.234
1973,2023-23-11 19:32:13,2023-23-11 22:36:56,4289.389989156028,3960.688171111112,16.08969
1974,2023-23-11 22:41:31,2023-24-11 02:14:45,4429.3486981061415,4621.63392638889,16.63
1975,2023-24-11 03:25:19,2023-24-11 06:28:36,4958.4078023530865,3958.006094444442,18.25276
1976,2023-24-11 13:10:12,2023-24-11 17:44:00,5158.253556797961,5908.940727777779,18.68
1977,2023-24-11 19:53:17,2023-24-11 23:04:41,4546.965733901425,4139.707100555565,16.36007
1978,2023-25-11 00:46:42,2023-25-11 04:25:02,4489.268664816615,4699.090423055549,16.25896
1979,2023-25-11 04:29:06,2023-25-11 06:29:52,4209.148366968867,2507.1520833333325,15.274370000000001
1980,2023-25-11 08:49:52,2023-25-11 08:52:27,3501.289404537429,37.16199111111111,13.09636
1981,2023-25-11 11:40:55,2023-25-11 14:58:13,3812.828536344005,4168.481496666668,15.12441
1982,2023-25-11 16:46:29,2023-25-11 20:27:39,4173.61936935678,4804.476641666668,16.599790000000002
1983,2023-25-11 22:20:46,2023-26-11 01:19:00,4133.299536516347,3867.058458055551,16.38961
1984,2023-26-11 02:23:24,2023-26-11 06:11:53,3815.563880909665,4897.727795277771,15.29753
1985,2023-26-11 06:22:18,2023-26-11 10:03:47,4235.3050332986495,4629.11970222222,16.903119999999998
1986,2023-26-11 12:01:00,2023-26-11 15:58:18,4547.075448774596,5118.649792777777,18.190279999999998
1987,2023-26-11 18:13:30,2023-26-11 23:31:21,4129.704348815215,5050.834667499999,16.47595
1988,2023-27-11 00:34:01,2023-27-11 04:58:55,4278.40003108499,4755.578925555567,17.0065
1989,2023-27-11 11:01:25,2023-27-11 11:15:23,2470.168181368049,135.69968388888893,9.76723
1990,2023-27-11 16:59:11,2023-27-11 22:02:08,4535.037525458413,5713.632771666664,18.84579
1991,2023-27-11 23:42:00,2023-28-11 04:34:41,4092.1713793818453,5532.685906111101,16.86563
1992,2023-28-11 06:28:40,2023-28-11 11:37:14,3830.129656773658,5078.822693333331,15.58644
1993,2023-28-11 13:01:56,2023-28-11 17:56:04,4053.8168189019916,5652.413138611108,16.215790000000002
1994,2023-28-11 18:42:16,2023-28-11 22:49:37,3234.765493879863,4623.401348333335,12.67976
1995,2023-28-11 22:55:06,2023-29-11 03:07:39,4225.437431935819,4883.705927499999,16.28623
1996,2023-29-11 04:41:31,2023-29-11 08:49:36,4649.7100552128295,4768.015469166668,17.639290000000003
1997,2023-29-11 12:34:40,2023-29-11 16:37:44,4577.95356893362,4636.420008055557,17.52
1998,2023-29-11 16:44:00,2023-29-11 20:58:16,4383.424349482613,4909.858107499997,16.73838
1999,2023-29-11 21:35:17,2023-30-11 01:57:29,4379.591265272351,4955.499179722232,16.709979999999998
2000,2023-30-11 03:55:36,2023-30-11 08:06:17,4985.084435857009,4790.441058333337,18.55155
2001,2023-30-11 15:58:08,2023-30-11 21:30:11,5494.75262949142,6342.852203055565,19.520619999999997
2002,2023-30-11 21:35:29,2023-01-12 01:52:03,5093.846510240534,4821.892284166667,17.93921
2003,2023-01-12 03:44:06,2023-01-12 08:13:43,5014.26592603354,5094.422437499993,17.72336
2004,2023-01-12 09:42:36,2023-01-12 13:51:30,3996.4086208790645,4705.658980833332,13.99826
2005,2023-01-12 13:55:34,2023-01-12 19:06:49,5081.552313711469,5870.595920277781,17.74948
2006,2023-01-12 19:09:16,2023-01-12 23:37:34,4569.682125982239,5165.133453055547,15.804540000000001
2007,2023-02-12 00:15:57,2023-02-12 04:24:16,4766.136069177319,4728.827175555545,16.35553
2008,2023-02-12 05:14:16,2023-02-12 08:56:02,5209.688852329979,4251.578423888889,17.931259999999998
2009,2023-02-12 11:37:42,2023-02-12 16:40:18,4490.835982197321,5503.467171111105,15.571
2010,2023-02-12 17:38:39,2023-02-12 22:21:36,5300.920572061614,5457.577370277773,17.358
2011,2023-02-12 22:23:54,2023-03-12 03:03:56,4397.41187867671,4499.111102222228,14.373
2012,2023-03-12 03:40:17,2023-03-12 09:47:54,4777.577145514264,5789.472866388886,15.654
2013,2023-03-12 09:54:30,2023-03-12 14:54:52,4914.065086615559,5530.068836666678,15.986
2014,2023-03-12 15:00:59,2023-03-12 18:40:44,4308.175308821052,4059.3387705555456,14.021
2015,2023-03-12 18:51:50,2023-03-12 23:49:21,5696.101278819826,5441.293741666669,18.767400000000002
2016,2023-04-12 00:12:21,2023-04-12 05:03:40,6105.380923327613,5370.7213825,20.14886
2017,2023-04-12 07:00:59,2023-04-12 11:32:42,4494.543404566474,4995.601820000012,14.842
2019,2023-04-12 12:51:27,2023-04-12 16:39:49,3020.1416501837507,4164.23368388889,9.856104
2020,2023-04-12 16:43:34,2023-04-12 21:16:37,5945.918698611598,4973.739831666673,19.003700000000002
2021,2023-04-12 22:22:19,2023-05-12 02:46:31,5155.674838536016,4863.895072222225,16.57025
2022,2023-05-12 04:12:58,2023-05-12 08:44:44,5264.1999949986775,5004.55274805556,16.82359
2024,2023-05-12 09:55:34,2023-05-12 14:35:55,6619.984610919369,5146.628160555562,21.24971
2025,2023-05-12 16:19:47,2023-05-12 20:53:03,5751.5783562744855,4956.605204166663,18.54132
2026,2023-05-12 20:57:19,2023-06-12 01:20:27,5747.33415212379,4726.357355555567,18.5879
2027,2023-06-12 01:25:41,2023-06-12 05:25:24,5442.804782809366,4417.6860541666765,17.83923
2030,2023-06-12 09:41:15,2023-12-12 17:13:46,7911.707116596917,230.20532694444435,26.28931
2032,2024-08-01 13:22:07,2024-08-01 18:40:56,4950.659076673127,5040.130448333338,17.368
2033,2024-08-01 19:31:26,2024-09-01 00:10:00,4617.452383382345,4825.870780555562,16.196
2034,2024-09-01 00:43:33,2024-09-01 04:52:21,4112.905085203222,4323.236185833329,14.273909999999999
2035,2024-09-01 05:13:54,2024-09-01 06:20:28,897.3964144954363,1026.5489574999997,3.142
2036,2024-09-01 10:16:35,2024-09-01 11:18:13,5041.060186535349,1010.6555097222229,17.61202
2037,2024-09-01 14:51:09,2024-09-01 14:55:34,3997.914222129405,58.927508888888894,14.62047
2038,2024-09-01 19:22:42,2024-09-01 22:49:05,2757.724820468429,3570.9329711111136,10.808
2039,2024-09-01 22:58:37,2024-10-01 03:42:49,4526.931298936434,4834.266155277782,17.796
2040,2024-10-01 03:52:33,2024-10-01 09:20:57,4452.22237653841,5687.216389444448,17.564
2041,2024-10-01 09:34:23,2024-10-01 11:44:03,3961.291477703807,2214.1026005555564,15.523579999999999
2042,2024-10-01 14:09:58,2024-10-01 18:00:53,4108.216236193368,4137.97361527779,16.5
2043,2024-10-01 18:08:30,2024-10-01 21:45:56,3883.9360693292806,3991.3577638888946,15.8727
2044,2024-11-01 00:22:45,2024-11-01 01:51:05,1892.978616147959,1550.1394472222203,8.016316
2045,2024-11-01 02:17:21,2024-11-01 06:17:40,3184.583306750186,4352.147931666667,13.684
2046,2024-11-01 06:36:43,2024-11-01 11:11:03,3696.392051860698,5018.200597499999,15.8
2047,2024-11-01 11:17:16,2024-11-01 14:11:40,2468.443832922119,3132.1191163888857,10.506
2048,2024-11-01 15:47:06,2024-11-01 18:39:35,2034.6823428896698,3110.7345041666686,8.558
2049,2024-11-01 20:25:29,2024-11-01 23:51:22,3591.345331816291,3733.480111388895,14.806
2050,2024-12-01 00:19:06,2024-12-01 04:19:47,4437.862291261562,4389.079580000007,18.30389
2051,2024-12-01 11:05:22,2024-12-01 15:38:42,3983.3743878316704,5013.782593611116,16.456
2052,2024-12-01 16:13:06,2024-12-01 20:42:29,4002.3645071711953,4906.924272222215,15.582
2053,2024-12-01 20:52:39,2024-13-01 01:31:50,4735.5554250288305,5133.03383638891,18.34819
2054,2024-13-01 01:52:46,2024-13-01 05:56:14,4053.724431378965,4469.538449722238,15.762
2055,2024-13-01 06:16:52,2024-13-01 10:07:54,3493.7852149494897,4241.409066111117,13.636
2056,2024-13-01 10:21:50,2024-13-01 14:40:03,3847.858985156666,4707.9727524999935,15.064
2057,2024-13-01 17:31:22,2024-13-01 18:49:51,1796.5864878587988,1412.5503122222217,6.6988959999999995
2058,2024-13-01 19:50:52,2024-13-01 23:48:35,4018.6750192304294,4356.433313055561,14.428
2059,2024-14-01 00:49:53,2024-14-01 02:10:01,5623.123240155138,1393.7136291666675,20.292
2060,2024-14-01 05:58:33,2024-14-01 10:03:51,4687.48777015934,4465.747523055548,17.55863
2061,2024-14-01 10:22:44,2024-14-01 14:26:16,4775.272278520945,4406.108551944448,18.12325
2062,2024-14-01 14:35:21,2024-14-01 18:48:51,5008.790277845354,4604.995062500003,18.65379
2063,2024-14-01 18:59:26,2024-14-01 22:56:00,4668.3021965122325,4232.757941388888,17.398439999999997
2064,2024-14-01 23:07:02,2024-15-01 03:15:32,4920.50565771686,4475.145563333335,18.36637
2065,2024-15-01 03:20:04,2024-15-01 07:14:49,4884.349265059636,4327.82324361112,18.0619
2066,2024-15-01 11:00:25,2024-15-01 16:22:25,4345.298657067417,5914.81545388889,16.305
2067,2024-15-01 19:19:38,2024-16-01 00:12:44,5023.636707478184,5329.0615938888795,18.692
2068,2024-16-01 02:33:18,2024-16-01 07:17:58,3396.3825452737356,5208.734922499998,12.668
2069,2024-16-01 07:23:20,2024-16-01 12:01:18,4581.673432562355,5117.153446388886,16.93833
2071,2024-16-01 16:44:20,2024-16-01 20:56:37,4635.894105317046,4511.352306111113,16.982
2072,2024-16-01 20:59:25,2024-17-01 01:15:49,4133.429368117161,4716.032959444455,15.07
2073,2024-17-01 01:39:48,2024-17-01 06:57:24,5173.608664201646,5727.217671944448,18.834
2074,2024-17-01 07:05:05,2024-17-01 11:20:46,3507.528019854816,4636.959154722231,12.794
2075,2024-17-01 11:50:42,2024-17-01 17:03:32,5143.701089413104,5723.1062499999925,18.48338
2076,2024-17-01 22:38:08,2024-18-01 02:02:02,4575.407986126863,3731.075216666673,16.364620000000002
2077,2024-18-01 09:30:28,2024-18-01 14:30:48,5825.149946988293,5498.427683055559,21.1486
2078,2024-18-01 15:44:06,2024-18-01 20:15:56,4722.37523519495,4926.892948055545,17.31
2079,2024-18-01 20:18:55,2024-19-01 00:27:05,4313.922367364881,4549.779629722214,15.60188
2080,2024-19-01 00:29:06,2024-19-01 02:28:53,2600.55308655609,2177.8607674999985,9.422844
2081,2024-19-01 02:31:13,2024-19-01 05:27:59,3348.7832288315385,3241.723955277777,11.787090000000001
2082,2024-19-01 09:33:17,2024-19-01 14:19:35,4935.408679237204,5192.882033888895,17.30869
2083,2024-19-01 22:35:50,2024-20-01 02:24:53,3949.4310590576483,4048.942416111104,13.714
2084,2024-20-01 02:29:01,2024-20-01 06:37:43,4011.061451685207,4522.002446944445,13.812
2085,2024-20-01 06:42:13,2024-20-01 10:44:11,3063.941355414132,2941.3197752777787,10.4
2086,2024-20-01 23:18:05,2024-20-01 23:26:32,6092.4143454271525,74.57136833333334,20.543080000000003
2087,2024-21-01 23:08:04,2024-22-01 03:35:55,5189.402412744695,4904.888299166665,18.22322
2088,2024-22-01 09:47:53,2024-22-01 13:44:27,2819.9304353316747,4282.813394166663,10.068
2089,2024-22-01 15:50:14,2024-22-01 21:02:35,5427.107078698799,5698.931604166667,18.903
2090,2024-22-01 22:19:49,2024-23-01 02:37:40,3889.151001913718,4722.532348611103,13.81
2091,2024-23-01 03:08:20,2024-23-01 08:00:02,4492.657807930374,5353.034786388891,15.84089
2092,2024-23-01 09:35:30,2024-23-01 15:12:58,5218.828707740931,6169.152877222219,18.16983
2093,2024-23-01 15:21:40,2024-23-01 19:41:41,3302.2146581353777,4773.919918611117,11.444
2094,2024-23-01 19:55:01,2024-24-01 00:30:42,5693.209557074861,5034.048816666678,19.351
2095,2024-24-01 01:15:52,2024-24-01 05:49:42,4122.1785310349715,5007.480621944439,14.259
2096,2024-24-01 06:22:31,2024-24-01 11:27:50,4606.315025597904,5549.919264999992,15.82
2097,2024-24-01 11:32:08,2024-24-01 16:22:53,4628.543335204037,5327.830927222221,15.568
2098,2024-24-01 16:28:44,2024-24-01 20:38:12,4435.444440353259,4570.772868055566,14.715
2099,2024-24-01 20:44:49,2024-25-01 00:52:03,4834.183414928198,4492.062620277773,15.969
2100,2024-25-01 00:58:05,2024-25-01 05:15:16,4872.484523671753,4565.2274238888895,16.123
2101,2024-25-01 05:20:56,2024-25-01 09:36:38,4929.054764893428,4592.708495277776,16.171
2102,2024-25-01 09:51:08,2024-25-01 14:10:04,4358.467554208353,4693.709971666668,14.278
2103,2024-25-01 14:18:06,2024-25-01 18:28:05,5285.5580916366935,4657.066480277773,17.234
2104,2024-25-01 18:33:21,2024-25-01 22:58:41,4451.218405898637,5056.162380277766,14.573
2105,2024-25-01 23:04:30,2024-26-01 02:36:10,4274.262439215089,3931.435434444452,13.949
2106,2024-26-01 02:45:29,2024-26-01 06:33:15,4944.230092888953,4360.464743611111,16.138
2107,2024-26-01 06:55:55,2024-26-01 09:00:10,5985.052747171038,2249.712454444443,18.72082
2108,2024-26-01 13:03:10,2024-26-01 17:09:13,4367.768922320375,4651.325579722221,13.988
2109,2024-26-01 17:17:35,2024-26-01 21:45:41,5936.523540263217,5165.486275277779,19.299
2110,2024-26-01 22:04:07,2024-27-01 02:07:03,4332.389016957705,4534.063282499998,14.162
2111,2024-27-01 02:15:51,2024-27-01 05:53:54,5056.2386355771405,4161.3167577777795,16.58729
2112,2024-27-01 17:05:42,2024-27-01 18:43:44,4776.837835579146,1763.6500252777782,15.8977
2113,2024-28-01 07:09:01,2024-28-01 10:24:49,6565.3748913528025,736.9080419444451,22.7141
2114,2024-28-01 11:57:01,2024-02-02 16:47:15,0.2698084213272489,4.299756666666667,0.001
2115,2024-03-02 21:02:27,2024-03-02 21:07:02,7564.675044053573,12.327498333333333,16.03402
2116,2024-04-02 03:00:33,2024-04-02 06:30:36,8406.742329840974,4195.520224166667,18.50611
2117,2024-04-02 07:55:15,2024-04-02 12:21:25,8550.491973289927,5354.493304722223,19.08323
2118,2024-04-02 14:01:14,2024-04-02 17:13:46,6984.247846750385,3869.934424999997,15.69561
2119,2024-04-02 22:15:43,2024-05-02 00:57:03,5421.058524075749,3179.6088074999984,12.271
2120,2024-05-02 06:30:07,2024-05-02 06:33:40,7998.369584873705,0.0,18.15052
2121,2024-07-02 22:00:45,2024-08-02 02:52:10,7847.383150794567,5329.1199661111095,18.399
2122,2024-08-02 03:10:42,2024-08-02 07:17:54,6441.813541518727,4486.027883055557,15.093530000000001
2123,2024-08-02 08:52:55,2024-08-02 13:31:15,7029.524917393797,4867.378674722224,16.53162
2124,2024-08-02 15:20:33,2024-08-02 20:43:52,9487.768173589575,5506.299605555538,22.24945
2125,2024-08-02 20:47:38,2024-09-02 00:41:38,6870.111790446625,4320.372460555564,16.301
2126,2024-09-02 00:46:01,2024-09-02 05:06:44,7383.475682561211,4893.568684444437,17.554080000000003
2127,2024-09-02 05:11:16,2024-09-02 09:23:57,6539.7881488141675,4756.347955555567,15.532399999999999
2128,2024-09-02 10:56:42,2024-09-02 15:24:20,7512.741985796744,4043.804941666666,17.45752
2129,2024-09-02 15:51:24,2024-09-02 19:51:32,7376.362950069442,4419.886748611109,17.34391
2130,2024-09-02 20:32:21,2024-10-02 00:30:17,6974.472056846491,4423.428086944443,16.4237
2131,2024-10-02 00:34:05,2024-10-02 03:45:07,5499.117924482661,3581.234200555563,13.02745
2132,2024-10-02 03:50:24,2024-10-02 07:21:05,6257.743002336033,3898.7175000000034,14.78257
2133,2024-10-02 08:17:56,2024-10-02 11:54:49,5732.677199191851,4077.964263055559,13.30214
2134,2024-10-02 13:35:15,2024-10-02 16:36:55,5223.343166356406,3396.518265000002,11.746690000000001
2135,2024-10-02 18:49:24,2024-10-02 22:31:57,4021.79553424127,4169.711801666663,16.47368
2136,2024-10-02 22:37:51,2024-11-02 02:58:51,4531.2542485963295,4827.116289444443,17.64838
2137,2024-11-02 03:03:34,2024-11-02 07:29:56,4389.179194031645,4837.538944722216,16.94061
2138,2024-11-02 07:34:38,2024-11-02 11:44:56,4168.2935479572625,4678.280627222223,16.07265
2139,2024-11-02 11:50:48,2024-11-02 16:09:48,4238.2363088100265,4821.46311777778,16.2033
2140,2024-11-02 16:21:31,2024-11-02 20:38:02,4135.612520510963,4773.460571111117,15.69561
2141,2024-11-02 20:44:21,2024-12-02 00:40:39,4108.761825298049,4422.059759444447,14.74287
2142,2024-12-02 00:45:00,2024-12-02 04:09:45,4252.751324787434,3872.3502966666692,15.23137
2143,2024-12-02 11:30:38,2024-12-02 15:41:01,5158.167074475186,4631.721549722228,18.61744
2144,2024-12-02 16:46:22,2024-12-02 20:00:14,4173.340546656359,3589.479250833339,15.188
2145,2024-12-02 20:00:55,2024-12-02 21:17:28,1730.98752032805,1428.3753044444436,6.312367
2146,2024-12-02 22:15:23,2024-12-02 22:21:48,4639.256838193195,75.50601250000001,17.038310000000003
2147,2024-13-02 02:41:41,2024-13-02 07:35:01,4873.468702165157,5512.28139805556,18.848
2148,2024-13-02 08:54:58,2024-13-02 09:00:28,4306.220463751059,82.98308472222224,16.69862
2149,2024-13-02 13:48:42,2024-13-02 17:22:07,3344.6356144250217,3937.068765833334,13.566
2150,2024-13-02 18:13:12,2024-13-02 22:46:01,4049.5104056287296,5127.994215277788,16.308
2151,2024-13-02 22:50:07,2024-14-02 02:49:59,3910.396604428368,4508.108990000004,15.606
2152,2024-14-02 02:54:23,2024-14-02 06:58:57,4210.684375923568,4628.39661111111,16.7577
2153,2024-14-02 08:31:45,2024-14-02 13:06:33,4765.4097415161905,5094.966244444437,18.9185
2154,2024-14-02 14:28:26,2024-14-02 18:17:02,3415.394238581341,4301.909275277777,13.66
2155,2024-14-02 21:38:11,2024-15-02 01:38:52,4013.6472712694417,4503.339166944456,15.9704
2156,2024-15-02 02:20:04,2024-15-02 06:22:31,4283.938916456897,4559.03192388889,16.94856
2157,2024-15-02 07:50:04,2024-15-02 12:29:16,4283.751906468587,5190.500885277781,16.963
2158,2024-15-02 12:58:46,2024-15-02 16:58:52,3399.179554130469,4460.571108611117,13.406
2159,2024-15-02 17:22:49,2024-15-02 21:35:40,3760.4572110861536,4743.74949000001,14.71
2160,2024-15-02 23:41:23,2024-16-02 04:10:34,4260.192722026429,5068.226399722224,16.584
2161,2024-16-02 04:18:17,2024-16-02 08:12:00,4173.541576879106,4345.736231388888,16.242
2162,2024-16-02 08:58:43,2024-16-02 13:42:04,5032.271024113731,5331.902651388879,19.70807
2163,2024-16-02 14:04:14,2024-16-02 17:52:52,3758.578125942868,4257.711686944442,14.673
2164,2024-16-02 18:04:09,2024-16-02 22:12:16,3491.467495204107,4613.30047361111,13.521
2165,2024-16-02 23:13:20,2024-17-02 02:48:32,4230.776719087045,4024.705791388895,16.058
2166,2024-17-02 02:59:45,2024-17-02 07:14:06,4696.538063269316,4677.031438611105,17.7438
2167,2024-17-02 09:04:35,2024-17-02 12:04:07,4483.291133922865,3370.6660327777745,16.14763
2168,2024-17-02 15:52:11,2024-17-02 15:53:39,4546.178304815792,0.0,16.624779999999998
2169,2024-18-02 00:17:33,2024-18-02 00:21:29,4292.405067622386,5.4083041666666665,15.71104
2170,2024-18-02 09:05:06,2024-18-02 12:19:58,3659.5881093823764,3563.111568055553,14.1452
2171,2024-18-02 15:53:52,2024-18-02 20:31:22,4078.167597213592,4892.96708111112,15.956
2172,2024-18-02 23:49:14,2024-19-02 03:52:12,4408.987027252281,4267.591020833334,17.190540000000002
2173,2024-19-02 09:58:16,2024-19-02 09:58:17,4528.125536958992,0,17.751759999999997
2174,2024-19-02 14:23:43,2024-19-02 18:53:16,3292.2433394690474,4368.054899166669,13.626
2175,2024-19-02 19:04:27,2024-19-02 22:09:28,2553.462776178229,3405.4070669444427,10.556
2176,2024-19-02 23:03:00,2024-20-02 02:56:59,3277.4165146651007,4336.854726944438,13.436
2177,2024-20-02 03:05:26,2024-20-02 06:29:45,2998.126687546077,3750.496966388884,12.157
2178,2024-20-02 08:12:12,2024-20-02 08:19:49,3820.8143289110244,91.45931527777778,15.48499
2179,2024-20-02 12:29:37,2024-20-02 16:26:33,3216.871833633506,4345.393699166673,13.962
2180,2024-20-02 16:44:18,2024-20-02 18:51:28,4402.26197424257,2351.539313611112,19.15366
2181,2024-20-02 22:34:58,2024-21-02 02:42:37,3438.4647144175124,4644.071006388887,15.58
2182,2024-21-02 03:08:18,2024-21-02 07:23:15,3175.1253453533213,4766.423270000006,14.288
2183,2024-21-02 08:08:36,2024-21-02 11:46:38,3016.880788585914,4088.957248055558,13.386
2184,2024-21-02 14:14:00,2024-21-02 17:47:02,3408.0198591775384,3991.1446533333346,15.07037
2185,2024-21-02 18:17:06,2024-21-02 21:55:10,3648.8278976852775,4060.877438888884,16.41233
2186,2024-22-02 01:46:43,2024-22-02 06:06:23,4176.723399926463,4768.436148611117,18.800349999999998
2187,2024-22-02 06:47:32,2024-22-02 10:13:41,2684.356335719468,3847.9769205555535,12.11
2188,2024-22-02 10:24:20,2024-22-02 15:20:17,3543.9025840490735,5325.114652777785,15.604
2189,2024-22-02 15:34:40,2024-22-02 19:36:26,3614.81567035687,4402.513802500001,14.804
2190,2024-22-02 19:58:09,2024-22-02 22:47:46,3089.1762432166856,3150.0167405555594,11.92592
2191,2024-23-02 00:42:47,2024-23-02 04:38:36,4102.867002535034,4375.56846083333,15.802
2192,2024-23-02 04:41:44,2024-23-02 08:26:38,4509.962687479832,4220.02420250001,17.47001
2193,2024-23-02 15:19:09,2024-23-02 19:44:42,5029.549673340219,4922.596451666671,19.508
2194,2024-23-02 19:49:26,2024-23-02 23:48:19,3596.2674767680646,4498.8456897222195,13.298
2195,2024-24-02 02:15:23,2024-24-02 02:18:57,4435.794655218886,9.077671111111112,16.34871
2196,2024-24-02 08:33:02,2024-24-02 10:11:56,2327.4864422531355,1735.8447000000008,9.11948
2197,2024-24-02 17:07:04,2024-24-02 21:37:11,4576.720449309177,5092.991178888867,18.41
2198,2024-24-02 22:29:48,2024-25-02 00:59:52,3706.4102158067362,2794.7351691666668,15.00531
2199,2024-25-02 01:18:00,2024-25-02 05:08:20,5318.849784718491,4334.703081111114,20.77483
2200,2024-25-02 06:45:03,2024-25-02 10:37:54,3805.5727434208547,4222.11341055555,15.168
2201,2024-25-02 10:41:25,2024-25-02 14:46:32,4404.184256898781,4593.744615277778,17.026
2202,2024-25-02 14:53:13,2024-25-02 18:00:12,3767.3223764861427,3457.289253888888,14.644
2203,2024-25-02 18:04:14,2024-25-02 22:31:27,4333.9572397014745,5000.316366111117,17.172
2204,2024-25-02 22:36:42,2024-26-02 02:38:06,4924.216973545458,4530.031359444443,19.56606
2205,2024-26-02 02:46:46,2024-26-02 07:04:39,4608.359052785029,4738.520242777786,18.433
2206,2024-26-02 07:08:48,2024-26-02 11:01:34,4403.914648602423,4302.9364024999995,17.581349999999997
2207,2024-26-02 11:05:10,2024-26-02 14:51:36,4041.199789310584,4481.500658333334,16.162
2208,2024-26-02 14:57:34,2024-26-02 18:41:29,3985.2128188121956,4689.659668055556,16.06811
2209,2024-26-02 18:49:21,2024-26-02 22:59:40,4425.2980744970855,5188.572573888897,18.022
2210,2024-26-02 23:10:44,2024-27-02 02:21:33,3106.0874637561105,3902.778664722215,12.674
2211,2024-27-02 02:43:37,2024-27-02 07:07:23,4443.365318036648,5486.800661666664,17.97
2212,2024-27-02 07:18:39,2024-27-02 10:01:06,3922.768797835671,3358.795866388882,15.7739
2214,2024-27-02 12:52:54,2024-27-02 16:39:11,3960.0535446175068,4715.220879444441,16.016
2215,2024-27-02 17:13:14,2024-27-02 22:04:08,4786.706292626667,6066.795398055564,19.196
2216,2024-27-02 22:12:07,2024-28-02 01:11:28,3110.278022944633,3681.794458055553,12.529
2217,2024-28-02 01:20:30,2024-28-02 05:31:38,4462.1363134597295,5122.095078888879,16.972
2218,2024-28-02 05:34:52,2024-28-02 09:14:51,4513.757074861298,4621.865610277779,16.812
2219,2024-28-02 10:48:28,2024-28-02 14:38:04,3930.418019526495,4759.084224722221,14.644
2220,2024-28-02 14:42:55,2024-28-02 18:29:38,4402.3252302292885,4717.710444166653,15.989
2221,2024-28-02 18:41:21,2024-28-02 22:17:10,4755.634350396458,4505.060572222224,17.00536
2222,2024-28-02 22:28:16,2024-29-02 01:17:55,3139.9558440966066,3475.5192686111063,11.255
2223,2024-29-02 01:26:57,2024-29-02 06:27:53,5493.638997707909,6205.396065833331,19.555
2224,2024-29-02 06:31:38,2024-29-02 09:45:03,4447.628320375245,4020.0988700000057,15.606
2225,2024-29-02 09:49:27,2024-29-02 13:42:18,5532.580000235607,4845.860941666667,19.528
2226,2024-29-02 13:45:18,2024-29-02 17:01:02,3642.189324592036,3981.3789336111176,12.818
2227,2024-29-02 17:07:25,2024-29-02 21:07:16,4528.369739274611,4893.6561044444425,15.788
2228,2024-29-02 21:11:04,2024-01-03 01:11:02,4972.335433207068,5017.363794166672,17.141
2229,2024-01-03 02:27:20,2024-01-03 06:04:32,4255.7987871609,4519.198506111106,14.632
2230,2024-01-03 07:51:21,2024-01-03 11:54:53,5185.938071106327,5068.498625833327,17.778
2231,2024-01-03 11:58:49,2024-01-03 15:45:45,4847.869770648745,4708.991139166662,16.62705
2232,2024-01-03 15:48:23,2024-01-03 19:07:40,3610.822752113632,4152.2851299999975,12.437
2233,2024-01-03 19:12:56,2024-01-03 23:55:59,4951.679372069104,5950.062710833347,16.972
2234,2024-02-03 00:05:22,2024-02-03 03:37:48,4109.261134919919,4353.496541388889,13.76
2235,2024-02-03 03:43:00,2024-02-03 07:36:13,4675.301008969918,4881.591935000001,15.598
2237,2024-02-03 07:55:03,2024-02-03 11:49:00,4742.400570504811,4895.394934166668,15.83
2238,2024-02-03 11:55:17,2024-02-03 16:01:18,4739.561083998436,5108.2843405555595,15.78
2239,2024-02-03 16:05:06,2024-02-03 20:04:03,5289.5171693444945,5015.721981666664,17.547
2240,2024-02-03 20:09:36,2024-02-03 23:43:53,4570.996844805948,4495.2241819444425,15.136
2241,2024-02-03 23:50:24,2024-03-03 03:48:40,5022.946076764671,4973.629506666681,16.71
2242,2024-03-03 03:52:20,2024-03-03 07:28:11,3500.432295801296,4548.457441944444,11.64
2243,2024-03-03 07:39:03,2024-03-03 11:47:22,5127.78907695929,4910.111795000004,16.702
2244,2024-03-03 11:55:16,2024-03-03 15:16:58,3940.85011009629,4138.102339444448,12.867
2245,2024-03-03 15:25:16,2024-03-03 18:53:56,4417.740005470796,4155.192531666672,14.414
2246,2024-03-03 19:01:07,2024-03-03 23:05:47,4681.645901188221,5109.42729388889,15.199
2247,2024-03-03 23:09:56,2024-04-03 02:44:25,4978.480397200678,4490.5107161111055,15.935
2248,2024-04-03 02:48:00,2024-04-03 05:56:57,4788.4929819462395,3974.705456666674,15.397879999999999
2249,2024-04-03 08:06:32,2024-04-03 12:34:50,5827.0773070345795,5600.496665555537,18.895
2250,2024-04-03 12:50:34,2024-04-03 16:38:18,4774.908775401163,4662.508884444439,15.47396
2251,2024-04-03 16:47:43,2024-04-03 21:09:53,5420.6188176012765,5522.196087222215,17.588
2252,2024-04-03 21:31:42,2024-05-03 02:39:48,4534.111650219226,4495.162681944444,14.643
2253,2024-05-03 02:44:10,2024-05-03 06:13:45,4471.010096769519,4322.010618333332,14.384
2254,2024-05-03 06:16:06,2024-05-03 08:47:43,3536.4056490908474,3182.1009455555595,11.43866
2255,2024-05-03 10:24:13,2024-05-03 13:09:55,4198.413572877177,3466.3110477777805,13.74083
2256,2024-05-03 14:13:35,2024-05-03 15:24:48,1611.892231291667,1434.5514716666646,5.331447
2257,2024-05-03 16:02:43,2024-05-03 18:54:55,3861.513395029667,3554.1606299999976,12.86561
2258,2024-05-03 19:07:18,2024-05-03 20:25:13,1225.01327178828,1395.8568777777766,4.104
2259,2024-05-03 20:48:46,2024-06-03 00:29:21,4214.9203273146895,4593.587015833333,14.082
2260,2024-06-03 00:54:15,2024-06-03 04:23:53,4705.640502662547,4384.311501666667,15.616209999999999
2261,2024-06-03 09:10:52,2024-06-03 13:38:48,5938.007215735905,5628.599303333332,19.75919
2262,2024-06-03 16:42:29,2024-06-03 20:35:50,4324.856916595215,4633.839888888887,14.42198
2263,2024-06-03 22:37:37,2024-06-03 22:43:00,4657.83871602076,49.17371222222222,15.71435
2264,2024-07-03 03:51:36,2024-07-03 07:36:58,4370.876225686643,4206.740150555557,15.507040000000002
2265,2024-07-03 08:14:19,2024-07-03 13:36:21,4662.312622624877,6053.097295833341,16.69
2266,2024-07-03 13:43:39,2024-07-03 18:55:20,4230.165749414205,5874.1033994444415,14.944
2267,2024-07-03 20:03:57,2024-08-03 00:13:11,4295.272841654624,4675.010332777779,15.023
2268,2024-08-03 01:14:58,2024-08-03 06:59:40,5426.644607624967,6091.449943611115,18.883
2269,2024-08-03 07:05:15,2024-08-03 11:27:24,5066.643003570296,4900.983449444443,17.43479
2270,2024-08-03 11:30:32,2024-08-03 15:38:33,4155.152977210687,4674.304801666667,14.336
2271,2024-08-03 16:18:10,2024-08-03 20:33:16,3817.7723557760014,4753.224329166675,13.116
2272,2024-08-03 20:57:41,2024-09-03 00:55:39,4679.290471078094,4474.914402222234,15.94314
2273,2024-09-03 03:51:26,2024-09-03 07:24:12,4533.156411265029,3989.6028116666666,15.51476
2274,2024-09-03 09:08:55,2024-09-03 13:15:41,3800.9659276178227,4644.891155555567,13.106
2275,2024-09-03 15:33:30,2024-09-03 20:04:09,4908.401773774632,5071.683843611109,16.705
2276,2024-10-03 00:25:15,2024-10-03 04:49:45,4514.6925890216735,4809.506701388894,15.232
2277,2024-11-03 22:20:41,2024-12-03 02:38:36,4930.224896094564,4829.607095555553,16.504
2278,2024-12-03 03:12:34,2024-12-03 08:14:22,5224.717545848424,5668.959658611112,17.442
2279,2024-12-03 08:30:59,2024-12-03 13:45:25,4286.7818847309945,5622.860418611111,14.347
2280,2024-12-03 14:22:33,2024-12-03 14:33:51,4854.861138680777,134.37507583333334,16.07151
2281,2024-12-03 19:20:12,2024-12-03 23:27:59,4612.05104404714,4606.323475555555,15.98858
2282,2024-12-03 23:54:54,2024-13-03 04:38:46,5485.198384649901,5316.253910277782,19.00484
2283,2024-13-03 06:37:50,2024-13-03 10:27:48,3770.0397812729616,4207.96708916667,13.157
2286,2024-13-03 15:48:52,2024-27-03 12:33:04,7949.635140427905,17.69361777777778,26.29044
2287,2024-29-03 00:14:24,2024-29-03 00:18:31,3601.894338625387,0.0,12.469899999999999
2288,2024-29-03 08:14:16,2024-29-03 12:20:38,4154.364559469969,4485.452055833341,15.346
2289,2024-29-03 12:44:22,2024-29-03 17:25:36,3848.0203221441952,4729.949447777775,14.484
2290,2024-29-03 17:43:03,2024-29-03 22:27:22,4410.175692306264,5135.039907222216,16.55207
2291,2024-29-03 22:30:48,2024-30-03 03:01:36,4350.4897876685845,5010.673535833325,16.366
2292,2024-30-03 03:07:03,2024-30-03 07:02:33,3814.536929935684,4265.442149166677,14.28249
2293,2024-30-03 14:25:49,2024-30-03 15:36:25,4018.9629755611304,1129.8043736111117,15.12551
2294,2024-30-03 17:44:36,2024-02-04 11:48:58,3375.7451417161965,8749.928505277798,13.43193
2295,2024-02-04 15:24:06,2024-02-04 20:38:15,4323.25945159023,5742.742180277776,16.02039
2296,2024-02-04 20:40:55,2024-03-04 00:41:52,3916.007235937016,4459.821904999999,14.243879999999999
2297,2024-03-04 01:14:38,2024-03-04 04:21:49,3958.054850962645,3370.6887269444355,14.505790000000001
2298,2024-03-04 04:27:42,2024-03-04 08:33:39,4449.190420564384,4421.346166944449,16.5214
2299,2024-03-04 08:37:13,2024-03-04 12:39:36,4423.979589087099,4349.284074166673,16.57593
2300,2024-03-04 15:32:12,2024-03-04 19:09:59,4008.147724318607,3677.5341811111107,15.103459999999998
2301,2024-03-04 20:32:51,2024-04-04 00:24:38,3932.0879354980575,4187.087043611117,15.048
2302,2024-04-04 01:08:53,2024-04-04 04:31:27,3795.9498448026493,3683.5724938888907,14.85
2303,2024-04-04 05:40:27,2024-04-04 09:08:05,3076.108732746748,3785.5617150000026,11.495
2304,2024-04-04 10:11:30,2024-04-04 14:38:10,4633.386541781391,4923.805043055567,17.182
2305,2024-04-04 14:46:14,2024-04-04 18:54:40,4401.923286051422,4448.832357499997,16.303
2306,2024-04-04 18:57:49,2024-04-04 22:50:55,4486.2459120258245,4265.941079444439,16.761
2307,2024-04-04 22:53:08,2024-05-04 01:55:24,3277.0338874543154,3293.6219119444413,11.689
2308,2024-05-04 02:06:09,2024-05-04 05:54:19,4109.211592391757,4160.719252777775,13.956
2309,2024-05-04 06:06:54,2024-05-04 08:17:24,1918.120135950108,2108.7638338888887,6.508
2310,2024-05-04 08:56:51,2024-05-04 10:43:20,1623.8671144716923,1755.758485555555,5.512
2311,2024-05-04 10:47:01,2024-05-04 14:44:16,4007.6320758525967,4184.03690111111,13.58424
2312,2024-05-04 14:47:40,2024-05-04 19:31:03,4992.350486960068,5171.529434722225,16.91675
2313,2024-05-04 19:34:42,2024-05-04 23:18:34,4892.0252033391,4074.711321666669,16.557
2314,2024-05-04 23:21:36,2024-06-04 02:59:25,4436.189470426565,4026.1191591666684,14.591
2315,2024-06-04 03:57:21,2024-06-04 08:10:12,5013.33191546331,4560.77525472223,17.57453
2316,2024-06-04 14:28:32,2024-06-04 17:57:27,4368.77870942973,3739.9051022222234,15.58533
2317,2024-07-04 00:19:43,2024-07-04 00:35:02,2192.7292767365766,177.43935277777769,7.92582
2318,2024-07-04 07:23:42,2024-07-04 10:56:09,5012.619626601332,3916.1889061111087,18.83329
2319,2024-07-04 14:57:23,2024-07-04 19:34:52,5045.524605013072,5081.1054502777915,19.17184
2320,2024-07-04 22:09:19,2024-07-04 22:57:17,3981.185703054682,400.5380372222219,15.12
2321,2024-08-04 08:26:08,2024-08-04 14:01:12,5274.272621111094,6162.326874722225,20.891849999999998
2322,2024-08-04 14:09:31,2024-08-04 17:59:27,3458.9769248929842,4286.93813805556,13.6561
2323,2024-08-04 18:40:52,2024-08-04 23:05:03,4577.574280981391,5157.327509722223,17.84037
2324,2024-08-04 23:07:08,2024-09-04 01:57:27,2896.8055273203267,3333.070971111111,11.37907
2325,2024-09-04 02:01:29,2024-09-04 06:24:01,4719.634296577843,5147.52850611112,18.516330000000004
2326,2024-09-04 06:29:55,2024-09-04 10:25:27,4076.5258640461816,4649.818458055558,15.977219999999999
2327,2024-09-04 10:30:42,2024-09-04 14:38:07,4473.10700518973,4887.70216055556,17.407
2328,2024-09-04 14:43:16,2024-09-04 18:20:38,3837.6537116247987,4295.841789722222,14.937
2329,2024-09-04 18:24:19,2024-09-04 23:39:38,5050.744079077857,6234.269494999996,19.699
2330,2024-09-04 23:44:47,2024-10-04 02:51:49,3157.4757324004763,3632.0414075000012,12.333
2331,2024-10-04 04:25:47,2024-10-04 08:49:09,3988.135605422774,5049.253206111111,15.651
2332,2024-10-04 08:52:19,2024-10-04 13:58:07,4536.727623719877,6040.6971883333235,17.753
2333,2024-10-04 14:03:50,2024-10-04 18:40:05,4435.67891595443,5488.735939166665,17.241
2334,2024-10-04 18:47:18,2024-10-04 23:56:24,4280.904957494431,5494.668578055562,16.409
2335,2024-11-04 00:04:16,2024-11-04 04:39:44,4265.3866081322885,5323.589707777773,16.16694
2336,2024-11-04 04:44:38,2024-11-04 09:21:54,3991.808295417981,5358.667748888885,14.932540000000001
2337,2024-11-04 09:24:35,2024-11-04 13:56:40,3322.1136740403394,4814.799501111103,12.157
2338,2024-11-04 14:12:56,2024-11-04 19:18:49,4288.739163653809,4908.761742500005,14.68994
2339,2024-11-04 22:30:05,2024-12-04 01:52:41,3357.2334488876013,3188.8568055555525,11.256
2340,2024-12-04 11:00:28,2024-12-04 15:42:11,4340.764916010753,4844.417700555566,14.5091
2341,2024-12-04 15:43:34,2024-12-04 18:48:58,3409.670187329887,3271.727127222225,10.84
2342,2024-12-04 20:34:05,2024-13-04 01:50:41,5954.5330756062685,5260.994137222218,18.91
2344,2024-13-04 02:41:24,2024-13-04 04:53:59,1709.5402544024287,2140.5158208333332,5.46
2345,2024-13-04 05:32:28,2024-13-04 06:41:52,1982.3153060370569,1044.5143899999991,6.228793
2346,2024-13-04 07:14:13,2024-13-04 10:30:55,3042.8592756196335,3338.57251027778,9.75309
2347,2024-13-04 10:37:00,2024-13-04 15:10:22,4804.823529754638,4786.497016111121,15.2435
2348,2024-13-04 15:13:02,2024-13-04 18:39:38,3869.9140289471,3669.6457394444424,12.23288
2349,2024-13-04 22:37:06,2024-13-04 23:58:29,1892.3995064765595,1375.9535025,5.963824
2350,2024-13-04 23:59:39,2024-14-04 03:43:31,2193.0079129681135,3080.4997313888866,6.973684
2351,2024-14-04 03:48:19,2024-14-04 07:29:52,4608.714608538963,3883.4940330555473,14.36937
2352,2024-14-04 07:33:22,2024-14-04 12:20:25,6061.17405546008,5046.2574525,18.96962
2353,2024-14-04 12:22:33,2024-14-04 15:50:20,4540.108426291162,3668.2949511111124,14.336120000000001
2354,2024-14-04 15:59:31,2024-14-04 20:10:02,4831.028181001669,4290.184585555564,15.46073
2355,2024-14-04 20:14:05,2024-15-04 00:59:14,4891.862019519312,4965.296405277776,15.75846
2356,2024-15-04 01:02:43,2024-15-04 05:37:32,5454.067090304236,4864.1827008333275,17.62565
2357,2024-15-04 09:40:04,2024-15-04 14:40:02,4956.451313584843,5469.942163333333,16.15672
2359,2024-15-04 14:47:54,2024-15-04 18:23:41,4307.30141407587,3941.4757916666786,14.08728
2360,2024-15-04 19:23:25,2024-15-04 23:47:13,5240.38595114666,4843.449885833349,17.47115
2361,2024-15-04 23:52:44,2024-16-04 04:52:16,5531.551885529485,5469.218448611122,18.61858
2362,2024-16-04 05:01:15,2024-16-04 09:23:22,4903.58657083911,4552.675586111107,16.47595
2363,2024-16-04 09:29:36,2024-16-04 12:44:26,3334.8472718950657,3530.0917374999995,11.314440000000001
2364,2024-16-04 12:49:40,2024-16-04 16:21:46,3515.288347810694,3850.1944502777765,11.90608
2365,2024-16-04 16:23:55,2024-16-04 19:19:22,3042.259330957355,3146.625972500001,10.22574
2366,2024-16-04 19:24:58,2024-16-04 23:39:32,4205.955650859402,4608.181020277785,14.34041
2367,2024-16-04 23:43:10,2024-17-04 04:32:05,5541.522379465576,5312.57662388889,18.411810000000003
2368,2024-17-04 04:35:45,2024-17-04 08:58:19,4711.595441351946,4823.554622499987,15.79545
2369,2024-17-04 09:02:37,2024-17-04 14:06:06,5736.180412745487,5589.141825000009,19.25818
2370,2024-17-04 14:10:50,2024-17-04 18:30:11,4528.350013573423,4768.446323333329,15.22806
2371,2024-17-04 18:35:30,2024-17-04 23:03:05,4743.700000551114,4827.754636944441,15.734200000000001
2372,2024-17-04 23:06:44,2024-18-04 03:11:53,4828.744150427746,4507.04291527777,16.3828
2373,2024-18-04 03:14:46,2024-18-04 06:22:13,290.8572358357207,3450.01105361112,0.986
2374,2024-18-04 06:25:32,2024-18-04 10:14:46,6447.942519053785,4186.832540555553,14.12053
2375,2024-18-04 14:19:59,2024-18-04 18:13:38,6720.097494632502,4267.96111777777,14.65135
2376,2024-18-04 22:34:03,2024-18-04 22:35:39,6690.1967529553485,8.441583055555554,14.56423
2377,2024-19-04 06:07:42,2024-19-04 06:23:24,5524.18066093013,202.8224608333333,12.45215
2379,2024-19-04 11:20:13,2024-19-04 11:31:00,10012.715320622348,50.6635875,23.25032
2380,2024-19-04 14:49:37,2024-22-04 06:48:22,10879.76452490298,0.0,26.29044
2382,2024-09-05 17:11:37,2024-09-05 19:51:24,5639.094295512627,3315.1812030555516,14.10337
2383,2024-09-05 21:40:27,2024-10-05 01:18:18,6872.810239875402,4659.247264999994,17.28
2384,2024-10-05 01:40:24,2024-10-05 04:42:54,5664.772777692215,3894.5539836111093,14.286
2385,2024-10-05 05:37:43,2024-10-05 08:22:04,5062.856172970633,3544.337725277778,12.774
2386,2024-10-05 09:49:15,2024-10-05 10:13:49,6655.859878489846,436.622635,16.86676
2387,2024-10-05 13:55:44,2024-10-05 17:22:57,5339.514535637168,4257.7954558333295,14.061
2388,2024-10-05 18:01:20,2024-10-05 21:46:32,6087.082952284342,4937.265109166661,16.04
2389,2024-10-05 22:03:14,2024-11-05 01:26:33,5843.256999315727,4380.687227500002,15.425
2390,2024-11-05 02:05:30,2024-11-05 06:06:42,6617.756321765505,5195.466053888885,17.48
2391,2024-11-05 06:43:35,2024-11-05 07:32:51,7134.882584590057,353.24803861111087,18.86624
2392,2024-11-05 16:18:37,2024-11-05 16:18:39,5638.708302545234,0,15.46514
2393,2024-14-05 08:48:00,2024-14-05 08:59:12,8429.969107330091,43.481261944444434,24.15804
2394,2024-14-05 12:00:21,2024-04-06 15:31:02,8773.100614376064,0.0,26.29044
2395,2024-06-06 13:51:35,2024-06-06 16:59:39,5430.2183396073415,3716.959336666663,16.97241
2396,2024-06-06 17:35:26,2024-06-06 20:55:43,2547.5013839781795,4078.694684722222,16.336
2397,2024-06-06 20:59:35,2024-07-06 00:05:13,2341.7766637293093,3901.0449988888904,15.245700000000001
2398,2024-07-06 00:09:55,2024-07-06 03:39:21,2397.1122053179697,4417.754313055555,15.788
2399,2024-07-06 04:56:13,2024-07-06 08:39:27,2895.411708885878,4807.35968777777,17.464
2400,2024-07-06 08:43:03,2024-07-06 11:54:59,2531.170809294851,4014.301097222215,14.161
2401,2024-07-06 11:58:54,2024-07-06 15:07:40,2861.066281060029,3996.3453997222236,14.839
2402,2024-07-06 15:09:42,2024-07-06 17:38:36,2688.9735138107344,3139.2365005555575,13.036
2403,2024-07-06 17:40:53,2024-07-06 20:41:44,2995.951893404953,3925.2385386111064,14.504
2404,2024-07-06 20:43:02,2024-07-06 23:19:45,2622.711706695599,3372.645299166666,12.694
2405,2024-08-06 01:04:16,2024-08-06 04:45:08,3492.463484925284,4810.579019722223,16.932
2406,2024-08-06 04:48:47,2024-08-06 07:39:53,2739.0553330039265,3680.5512505555507,13.258
2407,2024-08-06 07:45:08,2024-08-06 11:15:01,3511.9625274708646,4569.534554722226,16.023
2408,2024-08-06 11:21:29,2024-08-06 14:30:52,3303.99225624224,4050.1952147222296,15.135
2409,2024-08-06 14:32:19,2024-08-06 16:34:32,2091.1032139342196,2656.522464722223,9.668
2410,2024-08-06 16:43:36,2024-08-06 20:12:50,3563.784443264465,4512.615060000005,16.512
2411,2024-08-06 23:05:48,2024-09-06 03:01:19,3613.830599225,4671.416963611112,16.837220000000002
2412,2024-09-06 03:04:49,2024-09-06 06:37:58,3456.326340603478,4268.790770277781,15.188
2413,2024-09-06 06:42:22,2024-09-06 12:04:31,4095.5051126573194,5022.758207222216,16.95
2414,2024-09-06 12:10:50,2024-09-06 16:58:13,4700.161171050852,5199.345477777783,18.335
2415,2024-09-06 17:03:56,2024-09-06 22:12:12,4784.555859133037,5709.698526111121,17.686
2416,2024-09-06 22:19:10,2024-11-06 02:20:55,3666.245144608257,1292.4228980555545,13.297
2417,2024-26-08 06:46:24,2024-26-08 06:52:52,3823.901178129081,70.60257250000001,14.26319
2418,2024-26-08 13:40:18,2024-26-08 13:41:01,3916.6007452686968,9.370024999999998,15.3262
2419,2024-26-08 21:19:52,2024-26-08 21:41:24,3991.6627709194877,253.46597305555557,16.52253
2420,2024-27-08 03:23:42,2024-27-08 03:26:34,3684.2158746562586,40.353241666666676,16.11696
2421,2024-27-08 14:45:21,2024-27-08 20:47:15,3721.04903465965,4922.1838013888955,17.344
2422,2024-27-08 21:29:53,2024-28-08 03:32:24,3513.1749144034175,4885.916016111115,16.32
2423,2024-28-08 04:04:54,2024-28-08 08:49:25,3361.972179787755,3784.8709400000116,15.408
2424,2024-28-08 10:39:56,2024-28-08 14:26:34,3480.0140751475983,2939.250123055558,16.04084
2425,2024-28-08 17:51:01,2024-28-08 23:46:12,3418.8125460589577,4786.543437777792,16.064
2426,2024-29-08 00:19:54,2024-29-08 05:39:15,3426.9519724161746,4292.657439722224,16.05
2427,2024-29-08 06:13:42,2024-29-08 11:17:14,3171.6117796105195,4088.728037777775,14.88953
2428,2024-29-08 14:03:39,2024-29-08 20:07:14,3545.87364344747,4921.196345000003,16.688
2429,2024-29-08 20:32:58,2024-30-08 01:04:08,1941.7119714819237,3652.968849722224,9.08
2430,2024-30-08 01:35:34,2024-30-08 06:34:13,3436.3387759971865,3979.772240555561,15.604
2431,2024-30-08 07:30:26,2024-30-08 13:51:35,3640.536319250489,5169.5572205555545,16.6
2432,2024-30-08 14:52:13,2024-30-08 19:31:33,3093.450086847095,3763.992066944443,13.997
2433,2024-31-08 04:18:58,2024-31-08 05:21:20,3422.86570697817,99.91084499999997,15.5302
2434,2024-31-08 09:18:08,2024-31-08 09:45:04,2934.6654654640697,94.50547777777778,14.25246
2435,2024-31-08 09:51:17,2024-31-08 12:48:14,3472.872400731372,1466.1558505555536,18.082349999999998
2436,2024-05-09 01:26:34,2024-05-09 05:14:54,2095.5815700130825,2980.8058102777736,11.644
2437,2024-05-09 05:40:11,2024-05-09 06:13:32,3413.8817596662793,65.94462361111111,18.16756
